Workbook

Sheet Heroes
A1: Hero | B1: Category | C1: Baseline Role | D1: Weapon | E1: Tier | F1: A1 | G1: A2 | H1: A3 | I1: A4
A2: Abrams | B2: Brawler | C2: Tank | D2: Easy Shotgun | E2: B-Tier | F2: Shoulder Charge | G2: Infernal Resilience | H2: Seismic Impact | I2: Siphon Life
A3: Apollo | B3: Assassin | C3: Off-Carry | D3: Medium Spreadshot | E3: B-Tier | F3: Disengaging Sigil | G3: Riposte | H3: Flawless Advance | I3: Itani Lo Sahn
A4: Bebop | B4: Brawler | C4: Tank | D4: Medium Beam Weapon | E4: C-Tier | F4: Exploding Uppercut | G4: Sticky Bomb | H4: Hyper Beam | I4: Grapple Arm
A5: Billy | B5: Brawler | C5: Tank | D5: Hard Close Range | E5: C-Tier | F5: Blasted | G5: Chain Gang | H5: Rising Ram | I5: Bashdown
A6: Calico | B6: Assassin | C6: Off-Carry | D6: Medium Spreadshot | E6: S-Tier | F6: Ava | G6: Gloom Bombs | H6: Return to Shadows | I6: Leaping Slash
A7: Celeste | B7: Marksman | C7: Off-Carry | D7: Medium Burst Fire | E7: C-Tier | F7: Light Eater | G7: Dazzling Trick | H7: Shining Wonder | I7: Radiant Daggers
A8: Doorman | B8: Doorman | C8: Support | D8: Mystic Easy Pistol | E8: A-Tier | F8: Doorway | G8: Luggage Cart | H8: Call Bell | I8: Hotel Guest
A9: Drifter | B9: Assassin | C9: Hybrid | D9: Hard Spreadshot | E9: B-Tier | F9: Rend | G9: Stalker's Mark | H9: Bloodscent | I9: Eternal Night
A10: Dynamo | B10: Mystic | C10: Support | D10: Medium Pistol | E10: A-Tier | F10: Kinetic Pulse | G10: Quantum Entanglement | H10: Rejuvenating Aurora | I10: Singularity
A11: Graves | B11: Marksman | C11: Hybrid | D11: Medium Pistol | E11: A-Tier | F11: Grasping Hands | G11: Jar of Dead | H11: Borrowed Decree | I11: Essence Theft
A12: Grey Talon | B12: Marksman | C12: Off-Carry | D12: Medium Bow | E12: C-Tier | F12: Charged Shot | G12: Rain of Arrows | H12: Spirit Snare | I12: Guided Owl
... A39: Yamato | B39: Assassin | C39: Off-Carry | D39: Hard Spreadshot | E39: B-Tier | F39: Power Slash | G39: Flying Strike | H39: Crimson Slash | I39: Shadow Transformation

Sheet Ability Tags
A1: Hero | B1: Ability | C1: Tag | D1: Tag Group | E1: Description
A2: Abrams | B2: Shoulder Charge | C2: Engage | D2: Pick | E2: Charge forward, pulling enemies you hit. Pushing a hero into a wall applies stun. If you collide with a hero you move faster during your charge.
A3: Abrams | B3: Shoulder Charge | C3: Pick | D3: Pick | E3: Charge forward, pulling enemies you hit. Pushing a hero into a wall applies stun. If you collide with a hero you move faster during your charge.
A4: Abrams | B4: Shoulder Charge | C4: Utility | D4: Utility | E4: Charge forward, pulling enemies you hit. Pushing a hero into a wall applies stun. If you collide with a hero you move faster during your charge.
A5: Abrams | B5: Infernal Resilience | C5: Damage | D5: Damage | E5: Gain bonus defensive attributes. Taking damage grants temporary regeneration for a portion of the damage taken.
A6: Abrams | B6: Seismic Impact | C6: Damage | D6: Damage | E6: Leap high into the air before crashing into the ground, dealing spirit damage and applying stun.
A7: Abrams | B7: Seismic Impact | C7: Engage | D7: Pick | E7: Leap high into the air before crashing into the ground, dealing spirit damage and applying stun.
A8: Abrams | B8: Seismic Impact | C8: Pick | D8: Pick | E8: Leap high into the air before crashing into the ground, dealing spirit damage and applying stun.
A9: Abrams | B9: Siphon Life | C9: Damage | D9: Damage | E9: Drain health from nearby enemies in front of you, dealing spirit damage over time and healing for a portion of the damage dealt.
A10: Abrams | B10: Siphon Life | C10: Sustain | D10: Utility | E10: Drain health from nearby enemies in front of you, dealing spirit damage over time and healing for a portion of the damage dealt.
A11: Abrams | B11: Siphon Life | C11: Tank | D11: Tank | E11: Drain health from nearby enemies in front of you, dealing spirit damage over time and healing for a portion of the damage dealt.
A12: Abrams | B12: Siphon Life | C12: Utility | D12: Utility | E12: Drain health from nearby enemies in front of you, dealing spirit damage over time and healing for a portion of the damage dealt.
... A414: Yamato | B414: Shadow Transformation | C414: Utility | D414: Utility | E414: Become infused with Yamato's shadow soul. After an initial invincible transformation your abilities are refreshed and are 60% faster. You gain immunity to negative status effects and have greatly increased bullet and spirit resist. When you get a hero kill, you heal and the duration is extended.

Sheet Role Output
A1: Hero | B1: Tank | C1: Pick | D1: Damage | E1: Utility | F1: Engage | G1: Sustain | H1: Role
A2: Abrams | B2: =COUNTIFS('Ability Tags'!$A$2:$A$153,$A2,'Ability Tags'!$D$2:$D$153,"Tank")+IF(IFERROR(VLOOKUP($A2,Heroes!$A:$C,3,FALSE),"")="Tank",2,IF(IFERROR(VLOOKUP($A2,Heroes!$A:$C,3,FALSE),"")="Hybrid",1,0)) | C2: =COUNTIFS('Ability Tags'!$A$2:$A$153,$A2,'Ability Tags'!$D$2:$D$153,"Pick")+IF(IFERROR(VLOOKUP($A2,Heroes!$A:$C,3,FALSE),"")="Initiator/Catch",2,0) | D2: =COUNTIFS('Ability Tags'!$A$2:$A$153,$A2,'Ability Tags'!$D$2:$D$153,"Damage")+IF(OR(IFERROR(VLOOKUP($A2,Heroes!$A:$C,3,FALSE),"")="Carry",IFERROR(VLOOKUP($A2,Heroes!$A:$C,3,FALSE),"")="Off-Carry"),2,IF(IFERROR(VLOOKUP($A2,Heroes!$A:$C,3,FALSE),"")="Hybrid",1,0)) | E2: =COUNTIFS('Ability Tags'!$A$2:$A$153,$A2,'Ability Tags'!$D$2:$D$153,"Utility")+IF(OR(IFERROR(VLOOKUP($A2,Heroes!$A:$C,3,FALSE),"")="Support",IFERROR(VLOOKUP($A2,Heroes!$A:$C,3,FALSE),"")="Comfort"),2,IF(IFERROR(VLOOKUP($A2,Heroes!$A:$C,3,FALSE),"")="Hybrid",2,0)) | F2: =COUNTIFS('Ability Tags'!$A$2:$A$153,$A2,'Ability Tags'!$C$2:$C$153,"Engage") | G2: =COUNTIFS('Ability Tags'!$A$2:$A$153,$A2,'Ability Tags'!$C$2:$C$153,"Sustain") | H2: =CHOOSE(MATCH(MAX(B2:E2),B2:E2,0),"Tank","Pick","Damage","Utility")
A3: Apollo | B3: =COUNTIFS('Ability Tags'!$A$2:$A$153,$A3,'Ability Tags'!$D$2:$D$153,"Tank")+IF(IFERROR(VLOOKUP($A3,Heroes!$A:$C,3,FALSE),"")="Tank",2,IF(IFERROR(VLOOKUP($A3,Heroes!$A:$C,3,FALSE),"")="Hybrid",1,0)) | C3: =COUNTIFS('Ability Tags'!$A$2:$A$153,$A3,'Ability Tags'!$D$2:$D$153,"Pick")+IF(IFERROR(VLOOKUP($A3,Heroes!$A:$C,3,FALSE),"")="Initiator/Catch",2,0) | D3: =COUNTIFS('Ability Tags'!$A$2:$A$153,$A3,'Ability Tags'!$D$2:$D$153,"Damage")+IF(OR(IFERROR(VLOOKUP($A3,Heroes!$A:$C,3,FALSE),"")="Carry",IFERROR(VLOOKUP($A3,Heroes!$A:$C,3,FALSE),"")="Off-Carry"),2,IF(IFERROR(VLOOKUP($A3,Heroes!$A:$C,3,FALSE),"")="Hybrid",1,0)) | E3: =COUNTIFS('Ability Tags'!$A$2:$A$153,$A3,'Ability Tags'!$D$2:$D$153,"Utility")+IF(OR(IFERROR(VLOOKUP($A3,Heroes!$A:$C,3,FALSE),"")="Support",IFERROR(VLOOKUP($A3,Heroes!$A:$C,3,FALSE),"")="Comfort"),2,IF(IFERROR(VLOOKUP($A3,Heroes!$A:$C,3,FALSE),"")="Hybrid",2,0)) | F3: =COUNTIFS('Ability Tags'!$A$2:$A$153,$A3,'Ability Tags'!$C$2:$C$153,"Engage") | G3: =COUNTIFS('Ability Tags'!$A$2:$A$153,$A3,'Ability Tags'!$C$2:$C$153,"Sustain") | H3: =CHOOSE(MATCH(MAX(B3:E3),B3:E3,0),"Tank","Pick","Damage","Utility")
A4: Bebop | B4: =COUNTIFS('Ability Tags'!$A$2:$A$153,$A4,'Ability Tags'!$D$2:$D$153,"Tank")+IF(IFERROR(VLOOKUP($A4,Heroes!$A:$C,3,FALSE),"")="Tank",2,IF(IFERROR(VLOOKUP($A4,Heroes!$A:$C,3,FALSE),"")="Hybrid",1,0)) | C4: =COUNTIFS('Ability Tags'!$A$2:$A$153,$A4,'Ability Tags'!$D$2:$D$153,"Pick")+IF(IFERROR(VLOOKUP($A4,Heroes!$A:$C,3,FALSE),"")="Initiator/Catch",2,0) | D4: =COUNTIFS('Ability Tags'!$A$2:$A$153,$A4,'Ability Tags'!$D$2:$D$153,"Damage")+IF(OR(IFERROR(VLOOKUP($A4,Heroes!$A:$C,3,FALSE),"")="Carry",IFERROR(VLOOKUP($A4,Heroes!$A:$C,3,FALSE),"")="Off-Carry"),2,IF(IFERROR(VLOOKUP($A4,Heroes!$A:$C,3,FALSE),"")="Hybrid",1,0)) | E4: =COUNTIFS('Ability Tags'!$A$2:$A$153,$A4,'Ability Tags'!$D$2:$D$153,"Utility")+IF(OR(IFERROR(VLOOKUP($A4,Heroes!$A:$C,3,FALSE),"")="Support",IFERROR(VLOOKUP($A4,Heroes!$A:$C,3,FALSE),"")="Comfort"),2,IF(IFERROR(VLOOKUP($A4,Heroes!$A:$C,3,FALSE),"")="Hybrid",2,0)) | F4: =COUNTIFS('Ability Tags'!$A$2:$A$153,$A4,'Ability Tags'!$C$2:$C$153,"Engage") | G4: =COUNTIFS('Ability Tags'!$A$2:$A$153,$A4,'Ability Tags'!$C$2:$C$153,"Sustain") | H4: =CHOOSE(MATCH(MAX(B4:E4),B4:E4,0),"Tank","Pick","Damage","Utility")
A5: Billy | B5: =COUNTIFS('Ability Tags'!$A$2:$A$153,$A5,'Ability Tags'!$D$2:$D$153,"Tank")+IF(IFERROR(VLOOKUP($A5,Heroes!$A:$C,3,FALSE),"")="Tank",2,IF(IFERROR(VLOOKUP($A5,Heroes!$A:$C,3,FALSE),"")="Hybrid",1,0)) | C5: =COUNTIFS('Ability Tags'!$A$2:$A$153,$A5,'Ability Tags'!$D$2:$D$153,"Pick")+IF(IFERROR(VLOOKUP($A5,Heroes!$A:$C,3,FALSE),"")="Initiator/Catch",2,0) | D5: =COUNTIFS('Ability Tags'!$A$2:$A$153,$A5,'Ability Tags'!$D$2:$D$153,"Damage")+IF(OR(IFERROR(VLOOKUP($A5,Heroes!$A:$C,3,FALSE),"")="Carry",IFERROR(VLOOKUP($A5,Heroes!$A:$C,3,FALSE),"")="Off-Carry"),2,IF(IFERROR(VLOOKUP($A5,Heroes!$A:$C,3,FALSE),"")="Hybrid",1,0)) | E5: =COUNTIFS('Ability Tags'!$A$2:$A$153,$A5,'Ability Tags'!$D$2:$D$153,"Utility")+IF(OR(IFERROR(VLOOKUP($A5,Heroes!$A:$C,3,FALSE),"")="Support",IFERROR(VLOOKUP($A5,Heroes!$A:$C,3,FALSE),"")="Comfort"),2,IF(IFERROR(VLOOKUP($A5,Heroes!$A:$C,3,FALSE),"")="Hybrid",2,0)) | F5: =COUNTIFS('Ability Tags'!$A$2:$A$153,$A5,'Ability Tags'!$C$2:$C$153,"Engage") | G5: =COUNTIFS('Ability Tags'!$A$2:$A$153,$A5,'Ability Tags'!$C$2:$C$153,"Sustain") | H5: =CHOOSE(MATCH(MAX(B5:E5),B5:E5,0),"Tank","Pick","Damage","Utility")
A6: Calico | B6: =COUNTIFS('Ability Tags'!$A$2:$A$153,$A6,'Ability Tags'!$D$2:$D$153,"Tank")+IF(IFERROR(VLOOKUP($A6,Heroes!$A:$C,3,FALSE),"")="Tank",2,IF(IFERROR(VLOOKUP($A6,Heroes!$A:$C,3,FALSE),"")="Hybrid",1,0)) | C6: =COUNTIFS('Ability Tags'!$A$2:$A$153,$A6,'Ability Tags'!$D$2:$D$153,"Pick")+IF(IFERROR(VLOOKUP($A6,Heroes!$A:$C,3,FALSE),"")="Initiator/Catch",2,0) | D6: =COUNTIFS('Ability Tags'!$A$2:$A$153,$A6,'Ability Tags'!$D$2:$D$153,"Damage")+IF(OR(IFERROR(VLOOKUP($A6,Heroes!$A:$C,3,FALSE),"")="Carry",IFERROR(VLOOKUP($A6,Heroes!$A:$C,3,FALSE),"")="Off-Carry"),2,IF(IFERROR(VLOOKUP($A6,Heroes!$A:$C,3,FALSE),"")="Hybrid",1,0)) | E6: =COUNTIFS('Ability Tags'!$A$2:$A$153,$A6,'Ability Tags'!$D$2:$D$153,"Utility")+IF(OR(IFERROR(VLOOKUP($A6,Heroes!$A:$C,3,FALSE),"")="Support",IFERROR(VLOOKUP($A6,Heroes!$A:$C,3,FALSE),"")="Comfort"),2,IF(IFERROR(VLOOKUP($A6,Heroes!$A:$C,3,FALSE),"")="Hybrid",2,0)) | F6: =COUNTIFS('Ability Tags'!$A$2:$A$153,$A6,'Ability Tags'!$C$2:$C$153,"Engage") | G6: =COUNTIFS('Ability Tags'!$A$2:$A$153,$A6,'Ability Tags'!$C$2:$C$153,"Sustain") | H6: =CHOOSE(MATCH(MAX(B6:E6),B6:E6,0),"Tank","Pick","Damage","Utility")
A7: Celeste | B7: =COUNTIFS('Ability Tags'!$A$2:$A$153,$A7,'Ability Tags'!$D$2:$D$153,"Tank")+IF(IFERROR(VLOOKUP($A7,Heroes!$A:$C,3,FALSE),"")="Tank",2,IF(IFERROR(VLOOKUP($A7,Heroes!$A:$C,3,FALSE),"")="Hybrid",1,0)) | C7: =COUNTIFS('Ability Tags'!$A$2:$A$153,$A7,'Ability Tags'!$D$2:$D$153,"Pick")+IF(IFERROR(VLOOKUP($A7,Heroes!$A:$C,3,FALSE),"")="Initiator/Catch",2,0) | D7: =COUNTIFS('Ability Tags'!$A$2:$A$153,$A7,'Ability Tags'!$D$2:$D$153,"Damage")+IF(OR(IFERROR(VLOOKUP($A7,Heroes!$A:$C,3,FALSE),"")="Carry",IFERROR(VLOOKUP($A7,Heroes!$A:$C,3,FALSE),"")="Off-Carry"),2,IF(IFERROR(VLOOKUP($A7,Heroes!$A:$C,3,FALSE),"")="Hybrid",1,0)) | E7: =COUNTIFS('Ability Tags'!$A$2:$A$153,$A7,'Ability Tags'!$D$2:$D$153,"Utility")+IF(OR(IFERROR(VLOOKUP($A7,Heroes!$A:$C,3,FALSE),"")="Support",IFERROR(VLOOKUP($A7,Heroes!$A:$C,3,FALSE),"")="Comfort"),2,IF(IFERROR(VLOOKUP($A7,Heroes!$A:$C,3,FALSE),"")="Hybrid",2,0)) | F7: =COUNTIFS('Ability Tags'!$A$2:$A$153,$A7,'Ability Tags'!$C$2:$C$153,"Engage") | G7: =COUNTIFS('Ability Tags'!$A$2:$A$153,$A7,'Ability Tags'!$C$2:$C$153,"Sustain") | H7: =CHOOSE(MATCH(MAX(B7:E7),B7:E7,0),"Tank","Pick","Damage","Utility")
A8: Doorman | B8: =COUNTIFS('Ability Tags'!$A$2:$A$153,$A8,'Ability Tags'!$D$2:$D$153,"Tank")+IF(IFERROR(VLOOKUP($A8,Heroes!$A:$C,3,FALSE),"")="Tank",2,IF(IFERROR(VLOOKUP($A8,Heroes!$A:$C,3,FALSE),"")="Hybrid",1,0)) | C8: =COUNTIFS('Ability Tags'!$A$2:$A$153,$A8,'Ability Tags'!$D$2:$D$153,"Pick")+IF(IFERROR(VLOOKUP($A8,Heroes!$A:$C,3,FALSE),"")="Initiator/Catch",2,0) | D8: =COUNTIFS('Ability Tags'!$A$2:$A$153,$A8,'Ability Tags'!$D$2:$D$153,"Damage")+IF(OR(IFERROR(VLOOKUP($A8,Heroes!$A:$C,3,FALSE),"")="Carry",IFERROR(VLOOKUP($A8,Heroes!$A:$C,3,FALSE),"")="Off-Carry"),2,IF(IFERROR(VLOOKUP($A8,Heroes!$A:$C,3,FALSE),"")="Hybrid",1,0)) | E8: =COUNTIFS('Ability Tags'!$A$2:$A$153,$A8,'Ability Tags'!$D$2:$D$153,"Utility")+IF(OR(IFERROR(VLOOKUP($A8,Heroes!$A:$C,3,FALSE),"")="Support",IFERROR(VLOOKUP($A8,Heroes!$A:$C,3,FALSE),"")="Comfort"),2,IF(IFERROR(VLOOKUP($A8,Heroes!$A:$C,3,FALSE),"")="Hybrid",2,0)) | F8: =COUNTIFS('Ability Tags'!$A$2:$A$153,$A8,'Ability Tags'!$C$2:$C$153,"Engage") | G8: =COUNTIFS('Ability Tags'!$A$2:$A$153,$A8,'Ability Tags'!$C$2:$C$153,"Sustain") | H8: =CHOOSE(MATCH(MAX(B8:E8),B8:E8,0),"Tank","Pick","Damage","Utility")
A9: Drifter | B9: =COUNTIFS('Ability Tags'!$A$2:$A$153,$A9,'Ability Tags'!$D$2:$D$153,"Tank")+IF(IFERROR(VLOOKUP($A9,Heroes!$A:$C,3,FALSE),"")="Tank",2,IF(IFERROR(VLOOKUP($A9,Heroes!$A:$C,3,FALSE),"")="Hybrid",1,0)) | C9: =COUNTIFS('Ability Tags'!$A$2:$A$153,$A9,'Ability Tags'!$D$2:$D$153,"Pick")+IF(IFERROR(VLOOKUP($A9,Heroes!$A:$C,3,FALSE),"")="Initiator/Catch",2,0) | D9: =COUNTIFS('Ability Tags'!$A$2:$A$153,$A9,'Ability Tags'!$D$2:$D$153,"Damage")+IF(OR(IFERROR(VLOOKUP($A9,Heroes!$A:$C,3,FALSE),"")="Carry",IFERROR(VLOOKUP($A9,Heroes!$A:$C,3,FALSE),"")="Off-Carry"),2,IF(IFERROR(VLOOKUP($A9,Heroes!$A:$C,3,FALSE),"")="Hybrid",1,0)) | E9: =COUNTIFS('Ability Tags'!$A$2:$A$153,$A9,'Ability Tags'!$D$2:$D$153,"Utility")+IF(OR(IFERROR(VLOOKUP($A9,Heroes!$A:$C,3,FALSE),"")="Support",IFERROR(VLOOKUP($A9,Heroes!$A:$C,3,FALSE),"")="Comfort"),2,IF(IFERROR(VLOOKUP($A9,Heroes!$A:$C,3,FALSE),"")="Hybrid",2,0)) | F9: =COUNTIFS('Ability Tags'!$A$2:$A$153,$A9,'Ability Tags'!$C$2:$C$153,"Engage") | G9: =COUNTIFS('Ability Tags'!$A$2:$A$153,$A9,'Ability Tags'!$C$2:$C$153,"Sustain") | H9: =CHOOSE(MATCH(MAX(B9:E9),B9:E9,0),"Tank","Pick","Damage","Utility")
A10: Dynamo | B10: =COUNTIFS('Ability Tags'!$A$2:$A$153,$A10,'Ability Tags'!$D$2:$D$153,"Tank")+IF(IFERROR(VLOOKUP($A10,Heroes!$A:$C,3,FALSE),"")="Tank",2,IF(IFERROR(VLOOKUP($A10,Heroes!$A:$C,3,FALSE),"")="Hybrid",1,0)) | C10: =COUNTIFS('Ability Tags'!$A$2:$A$153,$A10,'Ability Tags'!$D$2:$D$153,"Pick")+IF(IFERROR(VLOOKUP($A10,Heroes!$A:$C,3,FALSE),"")="Initiator/Catch",2,0) | D10: =COUNTIFS('Ability Tags'!$A$2:$A$153,$A10,'Ability Tags'!$D$2:$D$153,"Damage")+IF(OR(IFERROR(VLOOKUP($A10,Heroes!$A:$C,3,FALSE),"")="Carry",IFERROR(VLOOKUP($A10,Heroes!$A:$C,3,FALSE),"")="Off-Carry"),2,IF(IFERROR(VLOOKUP($A10,Heroes!$A:$C,3,FALSE),"")="Hybrid",1,0)) | E10: =COUNTIFS('Ability Tags'!$A$2:$A$153,$A10,'Ability Tags'!$D$2:$D$153,"Utility")+IF(OR(IFERROR(VLOOKUP($A10,Heroes!$A:$C,3,FALSE),"")="Support",IFERROR(VLOOKUP($A10,Heroes!$A:$C,3,FALSE),"")="Comfort"),2,IF(IFERROR(VLOOKUP($A10,Heroes!$A:$C,3,FALSE),"")="Hybrid",2,0)) | F10: =COUNTIFS('Ability Tags'!$A$2:$A$153,$A10,'Ability Tags'!$C$2:$C$153,"Engage") | G10: =COUNTIFS('Ability Tags'!$A$2:$A$153,$A10,'Ability Tags'!$C$2:$C$153,"Sustain") | H10: =CHOOSE(MATCH(MAX(B10:E10),B10:E10,0),"Tank","Pick","Damage","Utility")
A11: Graves | B11: =COUNTIFS('Ability Tags'!$A$2:$A$153,$A11,'Ability Tags'!$D$2:$D$153,"Tank")+IF(IFERROR(VLOOKUP($A11,Heroes!$A:$C,3,FALSE),"")="Tank",2,IF(IFERROR(VLOOKUP($A11,Heroes!$A:$C,3,FALSE),"")="Hybrid",1,0)) | C11: =COUNTIFS('Ability Tags'!$A$2:$A$153,$A11,'Ability Tags'!$D$2:$D$153,"Pick")+IF(IFERROR(VLOOKUP($A11,Heroes!$A:$C,3,FALSE),"")="Initiator/Catch",2,0) | D11: =COUNTIFS('Ability Tags'!$A$2:$A$153,$A11,'Ability Tags'!$D$2:$D$153,"Damage")+IF(OR(IFERROR(VLOOKUP($A11,Heroes!$A:$C,3,FALSE),"")="Carry",IFERROR(VLOOKUP($A11,Heroes!$A:$C,3,FALSE),"")="Off-Carry"),2,IF(IFERROR(VLOOKUP($A11,Heroes!$A:$C,3,FALSE),"")="Hybrid",1,0)) | E11: =COUNTIFS('Ability Tags'!$A$2:$A$153,$A11,'Ability Tags'!$D$2:$D$153,"Utility")+IF(OR(IFERROR(VLOOKUP($A11,Heroes!$A:$C,3,FALSE),"")="Support",IFERROR(VLOOKUP($A11,Heroes!$A:$C,3,FALSE),"")="Comfort"),2,IF(IFERROR(VLOOKUP($A11,Heroes!$A:$C,3,FALSE),"")="Hybrid",2,0)) | F11: =COUNTIFS('Ability Tags'!$A$2:$A$153,$A11,'Ability Tags'!$C$2:$C$153,"Engage") | G11: =COUNTIFS('Ability Tags'!$A$2:$A$153,$A11,'Ability Tags'!$C$2:$C$153,"Sustain") | H11: =CHOOSE(MATCH(MAX(B11:E11),B11:E11,0),"Tank","Pick","Damage","Utility")
A12: Grey Talon | B12: =COUNTIFS('Ability Tags'!$A$2:$A$153,$A12,'Ability Tags'!$D$2:$D$153,"Tank")+IF(IFERROR(VLOOKUP($A12,Heroes!$A:$C,3,FALSE),"")="Tank",2,IF(IFERROR(VLOOKUP($A12,Heroes!$A:$C,3,FALSE),"")="Hybrid",1,0)) | C12: =COUNTIFS('Ability Tags'!$A$2:$A$153,$A12,'Ability Tags'!$D$2:$D$153,"Pick")+IF(IFERROR(VLOOKUP($A12,Heroes!$A:$C,3,FALSE),"")="Initiator/Catch",2,0) | D12: =COUNTIFS('Ability Tags'!$A$2:$A$153,$A12,'Ability Tags'!$D$2:$D$153,"Damage")+IF(OR(IFERROR(VLOOKUP($A12,Heroes!$A:$C,3,FALSE),"")="Carry",IFERROR(VLOOKUP($A12,Heroes!$A:$C,3,FALSE),"")="Off-Carry"),2,IF(IFERROR(VLOOKUP($A12,Heroes!$A:$C,3,FALSE),"")="Hybrid",1,0)) | E12: =COUNTIFS('Ability Tags'!$A$2:$A$153,$A12,'Ability Tags'!$D$2:$D$153,"Utility")+IF(OR(IFERROR(VLOOKUP($A12,Heroes!$A:$C,3,FALSE),"")="Support",IFERROR(VLOOKUP($A12,Heroes!$A:$C,3,FALSE),"")="Comfort"),2,IF(IFERROR(VLOOKUP($A12,Heroes!$A:$C,3,FALSE),"")="Hybrid",2,0)) | F12: =COUNTIFS('Ability Tags'!$A$2:$A$153,$A12,'Ability Tags'!$C$2:$C$153,"Engage") | G12: =COUNTIFS('Ability Tags'!$A$2:$A$153,$A12,'Ability Tags'!$C$2:$C$153,"Sustain") | H12: =CHOOSE(MATCH(MAX(B12:E12),B12:E12,0),"Tank","Pick","Damage","Utility")
A13: Haze | B13: =COUNTIFS('Ability Tags'!$A$2:$A$153,$A13,'Ability Tags'!$D$2:$D$153,"Tank")+IF(IFERROR(VLOOKUP($A13,Heroes!$A:$C,3,FALSE),"")="Tank",2,IF(IFERROR(VLOOKUP($A13,Heroes!$A:$C,3,FALSE),"")="Hybrid",1,0)) | C13: =COUNTIFS('Ability Tags'!$A$2:$A$153,$A13,'Ability Tags'!$D$2:$D$153,"Pick")+IF(IFERROR(VLOOKUP($A13,Heroes!$A:$C,3,FALSE),"")="Initiator/Catch",2,0) | D13: =COUNTIFS('Ability Tags'!$A$2:$A$153,$A13,'Ability Tags'!$D$2:$D$153,"Damage")+IF(OR(IFERROR(VLOOKUP($A13,Heroes!$A:$C,3,FALSE),"")="Carry",IFERROR(VLOOKUP($A13,Heroes!$A:$C,3,FALSE),"")="Off-Carry"),2,IF(IFERROR(VLOOKUP($A13,Heroes!$A:$C,3,FALSE),"")="Hybrid",1,0)) | E13: =COUNTIFS('Ability Tags'!$A$2:$A$153,$A13,'Ability Tags'!$D$2:$D$153,"Utility")+IF(OR(IFERROR(VLOOKUP($A13,Heroes!$A:$C,3,FALSE),"")="Support",IFERROR(VLOOKUP($A13,Heroes!$A:$C,3,FALSE),"")="Comfort"),2,IF(IFERROR(VLOOKUP($A13,Heroes!$A:$C,3,FALSE),"")="Hybrid",2,0)) | F13: =COUNTIFS('Ability Tags'!$A$2:$A$153,$A13,'Ability Tags'!$C$2:$C$153,"Engage") | G13: =COUNTIFS('Ability Tags'!$A$2:$A$153,$A13,'Ability Tags'!$C$2:$C$153,"Sustain") | H13: =CHOOSE(MATCH(MAX(B13:E13),B13:E13,0),"Tank","Pick","Damage","Utility")
... A39: Yamato | B39: =COUNTIFS('Ability Tags'!$A$2:$A$153,$A39,'Ability Tags'!$D$2:$D$153,"Tank")+IF(IFERROR(VLOOKUP($A39,Heroes!$A:$C,3,FALSE),"")="Tank",2,IF(IFERROR(VLOOKUP($A39,Heroes!$A:$C,3,FALSE),"")="Hybrid",1,0)) | C39: =COUNTIFS('Ability Tags'!$A$2:$A$153,$A39,'Ability Tags'!$D$2:$D$153,"Pick")+IF(IFERROR(VLOOKUP($A39,Heroes!$A:$C,3,FALSE),"")="Initiator/Catch",2,0) | D39: =COUNTIFS('Ability Tags'!$A$2:$A$153,$A39,'Ability Tags'!$D$2:$D$153,"Damage")+IF(OR(IFERROR(VLOOKUP($A39,Heroes!$A:$C,3,FALSE),"")="Carry",IFERROR(VLOOKUP($A39,Heroes!$A:$C,3,FALSE),"")="Off-Carry"),2,IF(IFERROR(VLOOKUP($A39,Heroes!$A:$C,3,FALSE),"")="Hybrid",1,0)) | E39: =COUNTIFS('Ability Tags'!$A$2:$A$153,$A39,'Ability Tags'!$D$2:$D$153,"Utility")+IF(OR(IFERROR(VLOOKUP($A39,Heroes!$A:$C,3,FALSE),"")="Support",IFERROR(VLOOKUP($A39,Heroes!$A:$C,3,FALSE),"")="Comfort"),2,IF(IFERROR(VLOOKUP($A39,Heroes!$A:$C,3,FALSE),"")="Hybrid",2,0)) | F39: =COUNTIFS('Ability Tags'!$A$2:$A$153,$A39,'Ability Tags'!$C$2:$C$153,"Engage") | G39: =COUNTIFS('Ability Tags'!$A$2:$A$153,$A39,'Ability Tags'!$C$2:$C$153,"Sustain") | H39: =CHOOSE(MATCH(MAX(B39:E39),B39:E39,0),"Tank","Pick","Damage","Utility")

Sheet Hero Pools
A1: Baseline Role Pools | J1: Derived Coverage Pools
A2: Carry | B2: Off-Carry | C2: Tank | D2: Initiator/Catch | E2: Support | F2: Hybrid | G2: Comfort | J2: Tank | K2: Pick | L2: Damage | M2: Utility | N2: Engage | O2: Sustain
A3: =SORT(FILTER(Heroes!$A$2:$A$39,Heroes!$C$2:$C$39=A$2,"")) | B3: =SORT(FILTER(Heroes!$A$2:$A$39,Heroes!$C$2:$C$39=B$2,"")) | C3: =SORT(FILTER(Heroes!$A$2:$A$39,Heroes!$C$2:$C$39=C$2,"")) | D3: =SORT(FILTER(Heroes!$A$2:$A$39,Heroes!$C$2:$C$39=D$2,"")) | E3: =SORT(FILTER(Heroes!$A$2:$A$39,Heroes!$C$2:$C$39=E$2,"")) | F3: =SORT(FILTER(Heroes!$A$2:$A$39,Heroes!$C$2:$C$39=F$2,"")) | G3: =SORT(FILTER(Heroes!$A$2:$A$39,Heroes!$C$2:$C$39=G$2,"")) | J3: =SORT(FILTER('Role Output'!$A$2:$A$39,'Role Output'!$B$2:$B$39>0,"")) | K3: =SORT(FILTER('Role Output'!$A$2:$A$39,'Role Output'!$C$2:$C$39>0,"")) | L3: =SORT(FILTER('Role Output'!$A$2:$A$39,'Role Output'!$D$2:$D$39>0,"")) | M3: =SORT(FILTER('Role Output'!$A$2:$A$39,'Role Output'!$E$2:$E$39>0,"")) | N3: =SORT(FILTER('Role Output'!$A$2:$A$39,'Role Output'!$F$2:$F$39>0,"")) | O3: =SORT(FILTER('Role Output'!$A$2:$A$39,'Role Output'!$G$2:$G$39>0,""))

Sheet Draft Builder
A1: 6-Player Draft Builder
A2: Player | B2: Hero | C2: Baseline Role | D2: Derived Role | E2: Tank | F2: Pick | G2: Damage | H2: Utility | I2: Engage | J2: Sustain | L2: Lineup Summary
A3: Player 1 | C3: =IF($B3="","",IFERROR(VLOOKUP($B3,Heroes!$A$2:$C$39,3,FALSE),"")) | D3: =IF($B3="","",IFERROR(VLOOKUP($B3,'Role Output'!$A$2:$H$39,8,FALSE),"")) | E3: =IF($B3="","",IFERROR(VLOOKUP($B3,'Role Output'!$A$2:$H$39,2,FALSE),0)) | F3: =IF($B3="","",IFERROR(VLOOKUP($B3,'Role Output'!$A$2:$H$39,3,FALSE),0)) | G3: =IF($B3="","",IFERROR(VLOOKUP($B3,'Role Output'!$A$2:$H$39,4,FALSE),0)) | H3: =IF($B3="","",IFERROR(VLOOKUP($B3,'Role Output'!$A$2:$H$39,5,FALSE),0)) | I3: =IF($B3="","",IFERROR(VLOOKUP($B3,'Role Output'!$A$2:$H$39,6,FALSE),0)) | J3: =IF($B3="","",IFERROR(VLOOKUP($B3,'Role Output'!$A$2:$H$39,7,FALSE),0)) | L3: Total Tank | M3: =SUM(E3:E8)
A4: Player 2 | C4: =IF($B4="","",IFERROR(VLOOKUP($B4,Heroes!$A$2:$C$39,3,FALSE),"")) | D4: =IF($B4="","",IFERROR(VLOOKUP($B4,'Role Output'!$A$2:$H$39,8,FALSE),"")) | E4: =IF($B4="","",IFERROR(VLOOKUP($B4,'Role Output'!$A$2:$H$39,2,FALSE),0)) | F4: =IF($B4="","",IFERROR(VLOOKUP($B4,'Role Output'!$A$2:$H$39,3,FALSE),0)) | G4: =IF($B4="","",IFERROR(VLOOKUP($B4,'Role Output'!$A$2:$H$39,4,FALSE),0)) | H4: =IF($B4="","",IFERROR(VLOOKUP($B4,'Role Output'!$A$2:$H$39,5,FALSE),0)) | I4: =IF($B4="","",IFERROR(VLOOKUP($B4,'Role Output'!$A$2:$H$39,6,FALSE),0)) | J4: =IF($B4="","",IFERROR(VLOOKUP($B4,'Role Output'!$A$2:$H$39,7,FALSE),0)) | L4: Total Pick | M4: =SUM(F3:F8)
A5: Player 3 | C5: =IF($B5="","",IFERROR(VLOOKUP($B5,Heroes!$A$2:$C$39,3,FALSE),"")) | D5: =IF($B5="","",IFERROR(VLOOKUP($B5,'Role Output'!$A$2:$H$39,8,FALSE),"")) | E5: =IF($B5="","",IFERROR(VLOOKUP($B5,'Role Output'!$A$2:$H$39,2,FALSE),0)) | F5: =IF($B5="","",IFERROR(VLOOKUP($B5,'Role Output'!$A$2:$H$39,3,FALSE),0)) | G5: =IF($B5="","",IFERROR(VLOOKUP($B5,'Role Output'!$A$2:$H$39,4,FALSE),0)) | H5: =IF($B5="","",IFERROR(VLOOKUP($B5,'Role Output'!$A$2:$H$39,5,FALSE),0)) | I5: =IF($B5="","",IFERROR(VLOOKUP($B5,'Role Output'!$A$2:$H$39,6,FALSE),0)) | J5: =IF($B5="","",IFERROR(VLOOKUP($B5,'Role Output'!$A$2:$H$39,7,FALSE),0)) | L5: Total Damage | M5: =SUM(G3:G8)
A6: Player 4 | C6: =IF($B6="","",IFERROR(VLOOKUP($B6,Heroes!$A$2:$C$39,3,FALSE),"")) | D6: =IF($B6="","",IFERROR(VLOOKUP($B6,'Role Output'!$A$2:$H$39,8,FALSE),"")) | E6: =IF($B6="","",IFERROR(VLOOKUP($B6,'Role Output'!$A$2:$H$39,2,FALSE),0)) | F6: =IF($B6="","",IFERROR(VLOOKUP($B6,'Role Output'!$A$2:$H$39,3,FALSE),0)) | G6: =IF($B6="","",IFERROR(VLOOKUP($B6,'Role Output'!$A$2:$H$39,4,FALSE),0)) | H6: =IF($B6="","",IFERROR(VLOOKUP($B6,'Role Output'!$A$2:$H$39,5,FALSE),0)) | I6: =IF($B6="","",IFERROR(VLOOKUP($B6,'Role Output'!$A$2:$H$39,6,FALSE),0)) | J6: =IF($B6="","",IFERROR(VLOOKUP($B6,'Role Output'!$A$2:$H$39,7,FALSE),0)) | L6: Total Utility | M6: =SUM(H3:H8)
A7: Player 5 | C7: =IF($B7="","",IFERROR(VLOOKUP($B7,Heroes!$A$2:$C$39,3,FALSE),"")) | D7: =IF($B7="","",IFERROR(VLOOKUP($B7,'Role Output'!$A$2:$H$39,8,FALSE),"")) | E7: =IF($B7="","",IFERROR(VLOOKUP($B7,'Role Output'!$A$2:$H$39,2,FALSE),0)) | F7: =IF($B7="","",IFERROR(VLOOKUP($B7,'Role Output'!$A$2:$H$39,3,FALSE),0)) | G7: =IF($B7="","",IFERROR(VLOOKUP($B7,'Role Output'!$A$2:$H$39,4,FALSE),0)) | H7: =IF($B7="","",IFERROR(VLOOKUP($B7,'Role Output'!$A$2:$H$39,5,FALSE),0)) | I7: =IF($B7="","",IFERROR(VLOOKUP($B7,'Role Output'!$A$2:$H$39,6,FALSE),0)) | J7: =IF($B7="","",IFERROR(VLOOKUP($B7,'Role Output'!$A$2:$H$39,7,FALSE),0)) | L7: Total Engage | M7: =SUM(I3:I8)
A8: Player 6 | C8: =IF($B8="","",IFERROR(VLOOKUP($B8,Heroes!$A$2:$C$39,3,FALSE),"")) | D8: =IF($B8="","",IFERROR(VLOOKUP($B8,'Role Output'!$A$2:$H$39,8,FALSE),"")) | E8: =IF($B8="","",IFERROR(VLOOKUP($B8,'Role Output'!$A$2:$H$39,2,FALSE),0)) | F8: =IF($B8="","",IFERROR(VLOOKUP($B8,'Role Output'!$A$2:$H$39,3,FALSE),0)) | G8: =IF($B8="","",IFERROR(VLOOKUP($B8,'Role Output'!$A$2:$H$39,4,FALSE),0)) | H8: =IF($B8="","",IFERROR(VLOOKUP($B8,'Role Output'!$A$2:$H$39,5,FALSE),0)) | I8: =IF($B8="","",IFERROR(VLOOKUP($B8,'Role Output'!$A$2:$H$39,6,FALSE),0)) | J8: =IF($B8="","",IFERROR(VLOOKUP($B8,'Role Output'!$A$2:$H$39,7,FALSE),0)) | L8: Total Sustain | M8: =SUM(J3:J8)
L9: Core Roles Covered? | M9: =IF(MIN(M3:M6)>0,"YES","NO")
L10: Engage + Sustain + Carry? | M10: =IF(AND(M7>0,M8>0,M5>0),"YES","NO")
L11: Unique Heroes? | M11: =IF(COUNTA(B3:B8)=COUNTA(UNIQUE(FILTER(B3:B8,B3:B8<>""))),"YES","DUPLICATES")

Sheet Notes
A1: Source | B1: Details
A2: Dexerto Deadlock Wiki | B2: Current hero list and ability descriptions were scraped from Dexerto's Deadlock hero pages.
A3: Steam guide | B3: The referenced Steam guide currently reflects the older 22-hero roster and was used as the original instruction source, but the workbook uses Dexerto so all 38 local roster entries can be filled.
A4: Local role files | B4: Baseline roles and role definitions were loaded from excel/Character Roles.xlsx and excel/Deadlock Roles.xlsx.
A5: Hypercarry | B5: Carry is a role that usually scale well into the late game which is usually done via items/level ups/souls , usually theyre shit early/mid game.
A6: Pick/Initiator/Catch | B6: Initiators , We could debate about bebop but I think he is a Tank , I put haze in here because haze with invis can initiate a fight with sleep dart for example on their support.
A7: Frontliner/Tank | B7: Tanks , inherintly strong no need massive souls early game and can get value earlier from fights with decent - good damage output.
A8: Offcarry | B8: Role in between carry/support, the common thing about all of these characters is that they almost always have a decent laning stage and then they can deal quite a lot of damage, I put yama here even though some might see it as a tank mainly because typically yama has a better lane phase and can make stuff happen earlier
A9: Support | B9: Support role is quite self explenatory , you can be poor as fuck ans still make impact , one might argue that mo is not , I put him here after watching how mo is played at the top of the game he can do it all while being poor as shit.
A10: Spirit/Flex/Hybrid | B10: You can play them very DIFFERENTLY - can be a carry can be a tank can be support ect...
